timestamp,text,target_keyword
2026-04-17T13:57:24.000Z,"I just saw ClickUp launch AI agents that work 24/7 without burning out.  They’re called Super Agents, and the idea feels simple and terrifying at the same time.  I describe the job. ClickUp builds the agent. I assign it tasks the same way I’d assign a junior hire. It gets to",@clickup OR clickup OR #clickup
2026-04-23T13:00:37.000Z,AI Tools Ecosystem ┃ ┣  Time Management ┃ ┣  AI Scheduling ┃ ┃ ┣ BeforeSunset AI ┃ ┃ ┣ Rize ┃ ┃ ┗ Memtime ┃ ┣  Time Tracking ┃ ┃ ┣ Timely ┃ ┃ ┗ Timeular ┃ ┣  Project Management ┃ ┣  Task Management ┃ ┃ ┣ ClickUp ┃ ┃ ┣ Taskade ┃ ┃ ┗,@clickup OR clickup OR #clickup
2026-04-10T09:20:00.000Z,"The biggest problem with clickup is that it allows bullshit to accumulate, while the team feels like they're working  Here's what I mean -- let's say a deliverable is ""in progress"" in ClickUp  What's unclear here: -is it new and not yet started -did the person working on it look",@clickup OR clickup OR #clickup
2026-04-15T16:39:13.000Z,"I built a custom agent inside my  @clickup  workspace.  Tag the agent in the comment or task, paste a blog link, and it gives me tweet ideas.",@clickup OR clickup OR #clickup
2026-03-26T16:24:25.000Z,"Top AI Productivity Tools You MUST Try in 2026   Want to work faster, smarter, and with less effort? These AI tools are changing the game    Here are the best AI-powered productivity tools:   ClickUp All-in-one productivity platform with AI for task management,",@clickup OR clickup OR #clickup
2026-04-22T16:28:18.000Z,ClickUp is slowly becoming an everything app.,@clickup OR clickup OR #clickup
2026-04-17T08:17:27.000Z,"I got millions of views last week.  And my ClickUp agent is the reason why.  Not Claude Code. Not a terminal. Not a single line of code.  I built an agent in ClickUp in under 5 minutes, and it handed me a doc with every viral content idea I needed.  Here's exactly what I did.  I",@clickup OR clickup OR #clickup
2026-04-18T07:49:32.000Z,"ClickUp Super Agents are wild.  You can literally have AI agents inside your workspace that review ideas, handle tasks, follow up, and help move work forward.  > They can plan what needs to happen. > Break work into steps. > Take actions. > Update things. > Keep going in the",@clickup OR clickup OR #clickup
2026-04-05T14:56:38.000Z,Hizi hapa tools 5 za kupanga kazi na ratiba zako 1.Notion 2.Trello 3.Todoist 4.Clickup 5.Asana,@clickup OR clickup OR #clickup
2026-04-17T12:20:34.000Z,"Plane : un outil de gestion de projet Open Source conçu comme une alternative moderne à Jira, Linear ou ClickUp.    https:// github.com/makeplane/plane",@clickup OR clickup OR #clickup
2026-04-15T12:25:22.000Z,"Just dropped: ClickUp just made AI agents feel a lot more real.  Their new Super Agents can be created from a simple prompt, then actually work across your workspace the way people naturally work:  → assigned tasks → mentioned in docs, chats, and tasks → messaged directly",@clickup OR clickup OR #clickup
2026-04-13T16:14:23.000Z,"ANALISTA DE PROJETOS E PROCESSOS DE MARKETING JUNIOR | FLUENCY ACADEMY Remoto   R$ R$27,00   Requisitos:  – Exp com projetos de marketing (cronogramas e entregas)  – Vivência com organização de fluxos e processos  – Conhecimento em ferramentas como Notion, ClickUp",@clickup OR clickup OR #clickup
2026-03-30T20:56:59.000Z,"₦150k–₦200k/month Remote Tech Role   QA Officer – Reposebay   Remote |  Full-time  Test features, find bugs & improve product quality.   1–3 yrs QA/software testing  Strong attention to detail  Jira/Trello/ClickUp (plus)   Remote role + growth in tech   Apply:",@clickup OR clickup OR #clickup
2026-04-25T11:27:23.000Z,This                             Or                     That,@clickup OR clickup OR #clickup
2026-04-03T15:15:38.000Z,"Here's a case study of a strategy that works well in LLMs but kills SEO.   ClickUp has employed a very aggressive listicle strategy. They're performing VERY well in ChatGPT, getting hammered in Google search.",@clickup OR clickup OR #clickup
2026-04-23T12:08:03.000Z,rize clickup slack claude code loom typingmind bigquery manus  no amount of tools fixes a founder who hasn't decided what they want  stop buying shit  go on a walk,@clickup OR clickup OR #clickup
2026-04-16T15:59:27.000Z,I gave OpenClaw access to our ClickUp so it can create tickets based on client emails  It randomly decided to email clients directly instead,@clickup OR clickup OR #clickup
2026-04-07T06:30:59.000Z,"Remote QA Role in Nigeria (Tech Opportunity)   QA Officer – Reposebay   ₦150k–₦200k/month |  Remote   Test features, find bugs & improve product quality.   What you need: • 1–3 yrs QA/software testing • Strong attention to detail • Jira/Trello/ClickUp (plus)",@clickup OR clickup OR #clickup
2026-03-31T17:19:47.000Z,I fired my COO and clickup the same week.   AMA,@clickup OR clickup OR #clickup
2026-04-14T17:31:50.000Z,"ClickUp grew revenue 5x while cutting customer cost in half!    They ignored old rules:   - Mixed easy self-serve + smart sales (11x bigger value)   - Used real tests instead of fancy tracking   - AI for simple tasks, humans for big decisions   - Kept testing 250+ times a week",@clickup OR clickup OR #clickup
2026-04-25T07:34:10.000Z,What if in the office someone has a Clicky keyboard?,@clickup OR clickup OR #clickup
2026-03-26T08:54:17.000Z,20 أداة ذكاء اصطناعي خاصة للمؤسسين ورواد الأعمال والمستثمرين فقط !!:  ـ GitHub Copilot يكتب الأكواد البرمجية ويقترح حلولاً فورية.  ـ Cursor محرر أكواد متطور لبناء البرمجيات وتعديلها بذكاء.  ـ ClickUp AI يلخص المهام، يكتب خطط العمل، وينظم سير المشروعات.  ـ Asana AI تحليل أداء,@clickup OR clickup OR #clickup
2026-04-22T19:53:20.000Z,,@clickup OR clickup OR #clickup
2026-04-20T07:31:29.000Z,"@StraitUPCoin   This can move fast with proper exposure, let’s connect and make it happen",@clickup OR clickup OR #clickup
2026-04-17T15:41:44.000Z,"ClickUp launched AI agents that sit on your org chart, have their own managers, and work 24/7 without burning out.  They're called Super Agents and the idea is simple and terrifying at the same time.  You describe the job. ClickUp builds the agent. You assign it tasks exactly the",@clickup OR clickup OR #clickup
2026-04-17T09:51:42.000Z,"Last week, I got millions of views and a ClickUp agent did most of the heavy lifting.  I didn’t use Claude Code. I didn’t open a terminal. I didn’t write any code.  I built an agent in ClickUp in under 5 minutes, then had it generate a doc full of viral post ideas.  Here’s what I",@clickup OR clickup OR #clickup
2026-04-06T02:30:07.000Z,"Founders don't leave bad designers.  They leave bad communication.  Here's how I usually run projects so clients always feel in control:  1. One chat tool only (Slack, Discord, Telegram, etc.)    No emails. No DMs scattered across 4 platforms.  2. One task manager (ClickUp,",@clickup OR clickup OR #clickup
2026-04-02T10:57:14.000Z,"FREE SYSTEM SETUP (Limited) You’re not “busy”… you’re losing money  Messy systems = lost clients, wasted time  I build high-performance systems inside ClickUp    Automate operations   Track everything   Stay in control   DM if you’re serious Just contact me",@clickup OR clickup OR #clickup
2026-04-02T03:07:42.000Z,"Hey  @clickup  ,  Fix your CSP rules, Login with Google is not working for last couple days. Tried every browser.",@clickup OR clickup OR #clickup
2026-04-20T04:40:19.000Z,Ep. 106 - ClickUp: the productivity app that has it all  https:// ift.tt/p2wKZ5O,@clickup OR clickup OR #clickup
2026-04-22T07:06:53.000Z,"If my Agent took PTO, I'd have to chase down 5 teams for updates before 9am.  Instead I just ask  @clickup   Chat — my Agent pulls blockers, priorities, and status across every project instantly.  Morning chaos? Gone.",@clickup OR clickup OR #clickup
2026-04-20T16:24:39.000Z,"keep SHOWING UP, it will CLICK SOMEDAY.   Amen",@clickup OR clickup OR #clickup
2026-04-21T13:05:51.000Z,ClickUp super agent about taking over the world   proudly built by  @grok,@clickup OR clickup OR #clickup
2026-04-08T07:00:12.000Z,"Last week I was trying some stuff in  @clickup  and created 4 super agents that work alongside me.  • Rico’s Brother: keeps in touch with all the stakeholders, gives updates, and summarizes the feedback  • Rico’s Grandfather: makes sure the brief is clear once I gets assigned  •",@clickup OR clickup OR #clickup
2026-03-30T23:22:26.000Z,"Using  @descript  to record client walkthrough videos of ClickUp.  I haven't filmed anything yet, but I love that I can map out the script, markers, and comments, ready to go.",@clickup OR clickup OR #clickup
2026-04-23T16:29:26.000Z,"Please do, and let us know how it goes for you!",@clickup OR clickup OR #clickup
2026-04-07T06:36:23.000Z,"You’re right. We’ll get it done! Any details on how you expect it to work? Choose a specific calendar and show meetings, time blocks, or both?",@clickup OR clickup OR #clickup
2026-03-27T11:08:00.000Z,ClickUp as a great API which lets me do this kind of thing.  Exporting my daily ClickUp log all the way back to 2022 so I can bring it into Obsidian.  This is why it's important to choose the right tool.,@clickup OR clickup OR #clickup
2026-04-12T13:04:07.000Z,"For agent things, I choose ClickUp, the front runner at the moment.",@clickup OR clickup OR #clickup
2026-04-21T04:56:23.000Z,Morning click can we go again today more energy,@clickup OR clickup OR #clickup
2026-04-21T16:23:50.000Z,"THE SECOND FIX: OPERATIONS The revenue was coming in. But the backend was still broken. Delivery was: WhatsApp messages, hope the editor delivers, client follows up, repeat. We built a custom CRM inside ClickUp. Every client. Every deliverable. Every deadline. Tracked and",@clickup OR clickup OR #clickup
2026-04-20T06:06:28.000Z,New week... New beginnings... New blessings,@clickup OR clickup OR #clickup
2026-04-25T08:20:03.000Z,High vibration... High Energy... High Money.... On God,@clickup OR clickup OR #clickup
2026-04-13T10:53:37.000Z,Connecting your agent to your apps is what makes it valuable. ClawBob lets you connect 140+ apps including: -  @Netlify   -  @ManusAI   -  @airtable   -  @Outlook   -  @gmail   -  @WordPress   -  @clickup   -  @todoist  - And + 133 more  One click install with OAuth.,@clickup OR clickup OR #clickup
2026-04-20T09:42:04.000Z,#vacancy  We are looking for one engineer for each of the following roles for a stealth product:  1. UX/UI Designer (Figma) 2. Frontend Developer (Vue) 3. Backend Developer (Node) 4. Mobile Developer (React Native) 5. Software Product Manager (Knowledge of Clickup or Jira,@clickup OR clickup OR #clickup
2026-04-20T01:37:09.000Z,Apple-style video for  @clickup .  Focusing on smooth scaling and satisfying transitions to bring this UI concept to life. It’s all about the details in the easing. My latest work for the #Vizan project. #AfterEffects #UIUX #MotionDesigner,@clickup OR clickup OR #clickup
2026-04-01T14:10:53.000Z,"These days I can't even function without Clickup, so kudos to them. For me obviously the best thing is that I can reach it via API and hook it on to my Stream Deck etc ;)    @ClickUp",@clickup OR clickup OR #clickup
2026-03-25T09:07:26.000Z,Anyone know which software/ tool is best for task/project manager  @trello   @Google   @clickup   @NotionHQ   @SlackHQ,@clickup OR clickup OR #clickup
2026-04-21T01:30:22.000Z,PLEASE TELL ME THAT THIS IS A CALL UP,@clickup OR clickup OR #clickup
2026-04-13T19:23:27.000Z,"MAJOR SUPPORT SYSTEM UPDATE!  As you may or may not be aware, our support system was integrated into CLICKUP, to make life easier for us to manage and track, unfortunately this integration provided its own problems with CLICKUP not properly updating our users with our",@clickup OR clickup OR #clickup
2026-04-20T12:39:28.000Z,"Work smarter, collaborate better & deliver faster   Exploring the power of  @clickup   at  @niotechone   from task management to automation, everything in one place!  #ClickUp #Productivity #Automation #Teamwork #WorkSmart #ProjectManagement #TeamCollaboration",@clickup OR clickup OR #clickup
2026-04-13T12:49:23.000Z,"The Idea - Tired of complex apps? I was too.  @NotionHQ ,  @mondaydotcom  &  @clickup   are great but heavy. Sign-ups, steep learning curves, paywalls.  I needed simplicity: Open browser. See tasks. Get work done. Add reminders instantly. No friction.  Taskium was born. Built for",@clickup OR clickup OR #clickup
2026-04-17T16:50:04.000Z,"Yesterday the Quality Space of  @CessiArgenTIna   Sergio Candelo and Anabela Spegni showed how with  @clickup  and its AI agents, we manage quality, with dashboards to automate findings and centralize audits.  This earned us the Sadosky Quality Award 2025!",@clickup OR clickup OR #clickup
2026-04-25T09:58:44.000Z,My daughter has swimming on Saturday mornings. I sit in the viewing area with a Huel and 30 minutes to kill.  Used to scroll my phone. Now I’m using  @clickup  Brain on mobile to actually do something useful:  • Get an overview of my new client’s workspace  • Find their main,@clickup OR clickup OR #clickup
2026-04-22T18:02:51.000Z,I’m a Verified ClickUp PowerUser! Cheers to productivity  @ClickUp,@clickup OR clickup OR #clickup
2026-04-22T06:32:39.000Z,"Strategy isn't a ladder; it's an ecosystem.   OKRs don’t fail due to goals alone. Cadence, discipline, and tools must fit the environment. Running enterprise strategy on spreadsheets is like using a hammer for surgery.   @trello    @MooncampHQ      @clickup    @asana   @blog_weekdone",@clickup OR clickup OR #clickup
2026-04-24T13:05:42.000Z,Something I practiced a while back for Click Up,@clickup OR clickup OR #clickup
2026-04-15T06:00:07.000Z,80+ AI Tools to Finish Hours of Work in Minutes:  1.Content creation tool - ClickUp - Jasper - Copy. ai - Synthesia - Canva - Beautiful. ai  2. Chrome extension - Codeium - Browse AI - Monica - Merlin - Casper AI - Harpa. ai  3.Twitter Tools - TwitterBio - Hypefury - BlackMagic -,@clickup OR clickup OR #clickup
2026-04-13T15:33:28.000Z,"Everyone's building AI features. Almost nobody actually uses them internally.  Building innovative functionality is harder, because there's no customer or competitive precedent for what you build. To win, you must DOGFOOD.  EVERY PERSON at ClickUp uses our AI. EVERY DAY.  200+",@clickup OR clickup OR #clickup
2026-04-22T22:14:49.000Z,#desktopphotodrop  @clickup  a lot of fidgets happening here. i’m determined to get these socks,@clickup OR clickup OR #clickup
2026-04-18T18:09:29.000Z,reminds me of: to <think> or not to <think>\n,@clickup OR clickup OR #clickup
2026-03-16T21:00:29.000Z,"AI is changing more than just speed.  In the latest episode of ClickUp Weekly, we talk about what that shift actually looks like inside real teams.  Link to the full video in the comments   #AI #clickup #productivity #automation #futureofwork #zenpilot #clickupweekly",@clickup OR clickup OR #clickup
2026-04-25T03:24:18.000Z,Integrating ClickUp project management with AI via Model Context Protocol. Enables AI task automation and context sharing.,@clickup OR clickup OR #clickup
2026-04-24T15:46:56.000Z,Even if the odds are stacked against me I will still win... They're not against me now though,@clickup OR clickup OR #clickup
2026-04-22T08:47:41.000Z,"It could be any of the three options, how would I know?",@clickup OR clickup OR #clickup
2026-04-01T15:02:35.000Z,Acompañamos a  @shakeagain  en el modelado de sus procesos en  @clickup  para que la tecnología realmente trabaje para ellos.    ¿El resultado? Mejora percibida en todo el equipo y un flujo de trabajo que se entiende de punta a punta.     #SnoopConsulting #Casosdeexito #ClickUp,@clickup OR clickup OR #clickup
2026-04-14T13:01:39.000Z,Most founders are making their ClickUp workspace more complicated than it needs to be.  I've been brought in to fix workspaces and what I usually find is:  • nested subtasks • custom fields nobody uses • automations setup at the space level that fire all the time and confuse,@clickup OR clickup OR #clickup
2026-04-02T14:50:25.000Z,"oh snap, new  @screenpipe  +  @clickup  unlock. I now have a pipe that, when called, can summarize a meeting or screen work, into a task with description, subtask action items as well as populate custom fields.",@clickup OR clickup OR #clickup
2026-04-24T08:15:15.000Z,Using GPT-5.1 and Gemini 3 inside  @ClickUp  has made my specs clearer and my documentation way more actionable. The jump in quality is obvious.,@clickup OR clickup OR #clickup
2026-04-07T09:18:39.000Z,"They’re in competition with ClickUp. In order to do that, they can’t escape making their tool overwhelming",@clickup OR clickup OR #clickup
2026-03-27T16:02:45.000Z,"ClickUp now employs over 200,000 AI agents. This is after just WEEKS of customers vibe coding full-blown TEAMS of AGENTS, themselves.  But there's a problem.  We found that most of our customers have NO CLUE where to start. This is their very first time ever managing an agent.",@clickup OR clickup OR #clickup
2026-04-22T04:00:16.000Z,"Our ClickUp was a mess. 47 spaces. Duplicated projects. Tasks assigned to people who left six months ago. I fixed it with Claude in 2 days.  Here's the process: I exported our entire ClickUp structure, fed it to  @claudeai , and asked ""what's redundant, what's orphaned, and what's",@clickup OR clickup OR #clickup
2026-04-22T06:34:06.000Z,"Hi there, we tried to reach you on your registered number but were unable to connect. We sincerely apologize for the delay and any inconvenience caused. (1/2)",@clickup OR clickup OR #clickup
2026-04-20T23:15:56.000Z,"Slack might be cooked, ClickUp is actually getting work done, and it’s free.",@clickup OR clickup OR #clickup
2026-04-25T09:40:58.000Z,"A hands-on comparison of the top AI-powered project management tools in 2026, covering Linear, Asana,  http:// Monday.com, ClickUp, Notion, and Jira with verified pricing and feature breakdowns.  #Productivity #Automation  Link in the first comment",@clickup OR clickup OR #clickup
2026-04-16T14:07:30.000Z,Content creation tools you never know exists but some influencers use it secretly   I will explain my experience using them one by one daily. Follow up to be updated   - ClickUp - Jasper - Copy . ai - Synthesia - Canva - Beautiful . ai  Disclaimer: Not paid promotion please,@clickup OR clickup OR #clickup
2026-04-21T05:17:53.000Z,0xe242bbcae0d7f18bfcb772240aa5cedfa6e0f2ba,@clickup OR clickup OR #clickup
2026-04-19T15:54:20.000Z,"Alongside my work as a program coordinator across different industries, I design clean, scalable  @clickup  workspaces for project teams. But first, mapping the process before execution",@clickup OR clickup OR #clickup
2026-04-10T08:16:25.000Z,"If you missed these classes (How to use Clickup and Portfolio Creation on Notion), you can access the recording. Send in a DM.  If I teach you how to use Asana, Will you learn?",@clickup OR clickup OR #clickup
2026-04-19T06:24:30.000Z,ClickUp Analytics Engineer Remote,@clickup OR clickup OR #clickup
2026-03-26T19:35:47.000Z,"Missive just got an Activity feed.  See your mentions, reactions & reminders in one place—jump straight to that moment in any conversation. Plus AI inbox analysis, ClickUp integration, and faster AI search.  https:// missiveapp.com/changelog/11-2 3-0 …",@clickup OR clickup OR #clickup
2026-04-23T16:00:19.000Z,"It’s crazy that we spend more time managing Jira than actually getting work done.   Our boards lag and tickets take forever to load.  Switched to ClickUp, fingers crossed it’s better.   Anyone found a tool that actually works at scale?",@clickup OR clickup OR #clickup
2026-04-21T15:13:01.000Z,I'm happy... I always get what I want,@clickup OR clickup OR #clickup
2026-04-16T19:47:57.000Z,"Seed-funded startups close their round, then drown in operational chaos. RunwayOps fixes that. Workflow optimization built on Notion, ClickUp, Monday. Fortune 500 process rigor for 5-person teams.  http:// runwayops.polsia.app",@clickup OR clickup OR #clickup
2026-03-18T21:00:02.000Z,"ClickUp shipped Teams Hub and most people haven't opened it yet.  It won't change your life.  But if you manage people in ClickUp, it will save you a lot of time.  watch the full walkthrough  https:// youtu.be/5wjwv6MtrJA  #clickup #operations #zenpilot #teammanagement",@clickup OR clickup OR #clickup
2026-04-20T14:47:21.000Z,"Hey, Ashley! Open to sharing more about what's not working for you? We'd love to pass it along to our product team.",@clickup OR clickup OR #clickup
2026-04-23T11:52:00.000Z,You could also consider  http:// ProofHub.com here. It’s a solid option for teams that want project management and collaboration together without adding too much complexity.,@clickup OR clickup OR #clickup
2026-04-15T20:25:00.000Z,"ClickUp agents. Notion agents. Linear agents. Cool... but why would I want my agents trapped inside some random saas?   One persistent agent I own, that works everywhere (stilla, gooseworks, lindy) seems more like the future",@clickup OR clickup OR #clickup
2026-04-06T02:36:56.000Z,"Long term professional plans are in  @clickup . Long term personal plans are in  @todoist . Focused plans for the quarter, weeks, and days are currently in this  @baronfig  Do Work Journal.  I’m in position for progress. Let’s go.",@clickup OR clickup OR #clickup
2026-03-13T14:25:20.000Z,Most teams build AI agents the wrong way.   One giant agent  Multiple focused agents   @sgraymackenzie  from ZenPilot breaks down how ClickUp Super Agents work with  @toolfinderHQ    #ClickUp #ZenPilot #ToolFinder,@clickup OR clickup OR #clickup
2026-03-28T13:08:20.000Z,"Built a complete agency system inside ClickUp  From lead management to project delivery   CRM pipeline  Automated workflows   Task & team management   Performance dashboards  Everything organized, automated, and easy to track",@clickup OR clickup OR #clickup
2026-04-24T16:49:54.000Z,"No man, it was done on Clickup",@clickup OR clickup OR #clickup
2026-04-06T06:31:07.000Z,Does anyone know a cracked project manager or operations manager they can put me in contact with?   Must have experience with ClickUp.   Would really much appreciate a connect if anyone has someone! I’m tryna hire ASAP ASAP,@clickup OR clickup OR #clickup
2026-03-31T16:02:43.000Z,"8. Giveaway.   To celebrate the launch, we created a free security agent skill for vibecoders.  RT + comment “depthfirst” and I’ll send it to you.",@clickup OR clickup OR #clickup
2026-04-22T13:45:08.000Z,Looks like I'm finally about to learn what clickup is,@clickup OR clickup OR #clickup
2026-04-13T18:38:45.000Z,¡Compartimos los Sponsors que siguen sumándose al Congreso America Digital México 2026!   @Salesforce    @ClickUp    http:// Dyna.Ai    @aircall    @Snowflake     @TerraPay     @Teramind    CHILETEC,@clickup OR clickup OR #clickup
2026-04-25T03:31:45.000Z,[] KEYVITUP TikTok LIVE Guide    KEYVITUP Consultation Office OPEN   http:// bit.ly/42sQ73v  #KEYVITUP #키빗업,@clickup OR clickup OR #clickup
2026-04-24T03:45:27.000Z,最近ClaudeCodeくんが「これはClickOpsで作られたXXです」って言うようになって、ClickOpsというツールかなにかと思ったけど、手動で作ることをClickOpsというのか。知らなかった。,@clickup OR clickup OR #clickup
2026-04-21T02:30:29.000Z,THUMBS-UP FINISH IT THUMBS-UP FINISH IT THUMBS-UP FINISH IT THUMBS-UP FINISH IT THUMBS-UP FINISH IT,@clickup OR clickup OR #clickup
2026-04-22T19:41:41.000Z,I lived entirely in Claude for 6 days. Had a one-on-one yesterday. Asked Claude to pull all of that person's tasks and status from ClickUp. Everything was there immediately. Didn't open ClickUp once. The platform still holds the data. The interface is in Claude now.,@clickup OR clickup OR #clickup
2026-04-21T03:50:28.000Z,We use ClickUp for projects time tracking docs,@clickup OR clickup OR #clickup
2026-04-08T17:37:32.000Z,"On  @clickup  homepage right now if you will see in the hero section they have a pill group, if you click on them pills are changing it's width and it gives a jerk to the UI.  The original shifts ~0.66px on every click - border swaps from 1px to 2px. Fixed it with outline instead",@clickup OR clickup OR #clickup
2026-04-23T01:10:04.000Z,"ClickUp users spend more time clicking than doing. LoopDo fixes that. Recurring tasks as a first-class concept, not an afterthought.",@clickup OR clickup OR #clickup
2026-04-14T23:05:24.000Z,YouTube ads have made me absolutely despise ClickUp and Base44.,@clickup OR clickup OR #clickup
2026-04-23T21:34:54.000Z,dont you know pump it up you got to pump it up dont you know pump it up you got to pump it up dont you know pump it up you got to pump it up dont you know pump it up you got to pump it up dont you know pump it up you got to pump it up dont you know pump it up you got to pump it u,@clickup OR clickup OR #clickup
2026-04-11T07:05:04.000Z,PL   ClickUp + AI = automatic lead analysis and less manual work.   See how   https:// beproductive.pl/pl/2025/11/21/ automatyczna-analiza-leadow-w-crm-w-clickup-z-uzyciem-agentow-ai-clickup/ …     EN   ClickUp + AI = automatic lead analysis and less manual work.   See how   https:// beproductive.pl/en/2025/11/21/ automatic-lead-analysis-in-clickup-crm-using-clickup-ai-agents/ …    #ClickUp #AI #CRM,@clickup OR clickup OR #clickup
2026-04-23T15:31:14.000Z,"You've already drawn it up in your head. The field, the game, who you'd want there.  LinkedUp is where you make it real. Post the activity, let nearby players find it, and get moving.  Sign up today :  http:// getlinkedup.app",@clickup OR clickup OR #clickup
2026-04-21T04:33:39.000Z,"ClickUp AI  Productivity tool with built-in AI for task management, docs, and team workflows.  http:// aitoolvillage.com  Link:  https:// clickup.com",@clickup OR clickup OR #clickup
2026-04-22T23:29:10.000Z,All product work between our team happens in our coding agent directly. Imagine your tasks/docs shared by the team but the agent is there and does the work  For any other communication we use ClickUp and can tag the agent there when needed  It is  @LatchLoopAI  if you want to see,@clickup OR clickup OR #clickup
2026-04-20T06:22:45.000Z,Rise steadily and keep your focus on what matters most,@clickup OR clickup OR #clickup
2026-04-21T13:06:11.000Z,"Haha, ClickUp super agents locked and loaded for world domination!  Those masks and vibes are spot on. Proudly built by me – what's the first conquest on the agenda?",@clickup OR clickup OR #clickup
2026-04-10T12:11:31.000Z,"Before  @clickup  : My browser looked like a cry for help  — Slack, Gmail, Asana, Miro, Docs, Sheets... all open, all the time. After ClickUp: One single tab. Brain Max handles the rest — instant answers, smart summaries, zero tab-hopping. Less tabs. More focus. Total clarity.",@clickup OR clickup OR #clickup
2026-04-21T22:44:55.000Z,⠀   ’𝘊𝘭𝘪𝘤𝘬’       ’𝘊𝘭𝘪𝘤𝘬’            ’𝖢𝗅𝗂𝖼𝗄’  ⠀⠀,@clickup OR clickup OR #clickup
2026-04-14T17:19:49.000Z,We grew our revenue machine by 5x while cutting CAC 2x.  Most companies can't even hit one of these goals. At ClickUp we did both.  How did we really do it?,@clickup OR clickup OR #clickup
2026-04-22T17:11:05.000Z,I want ease in money... I don't wanna work like a dog to earn ... I wanna get money with ease,@clickup OR clickup OR #clickup
2026-04-23T01:32:46.000Z,DEgQzvMv9SvebHtBaSKnb6iRSHJHaVLA3phZyzGjbrrr   @printr,@clickup OR clickup OR #clickup
2026-04-23T13:44:17.000Z,All I know is that I want more and I'm gonna get it ... Every single thing I want,@clickup OR clickup OR #clickup
2026-04-18T20:30:43.000Z,"I am a ClickUp missionary. I praise ClickUp, I preach ClickUp (I haven't converted anyone yet)",@clickup OR clickup OR #clickup
2026-04-23T17:18:28.000Z,Full episode,@clickup OR clickup OR #clickup
2026-04-21T20:21:19.000Z,REPLY GUYS / REPLY GIRLS LOOK HERE  THE MORE EFFORT AND TIME YOU SPEND ON YOUR REPLIES   IT WILL REFLECT POSITIVILY ON YOUR OWN TWEETS   WORK FOR YOUR ACCOUNT   STOP SUPPRESSING YOURSELF   WITH LOW QUALITY REPLIES...,@clickup OR clickup OR #clickup
2026-04-24T04:24:29.000Z,"Do you use  @SlackHQ  or  @clickup  for your work?  If yes, how many hours a week do you spend just figuring out what actuzally needs your attention with so many messages and comments scattered all over?  I have built something for you, and many founders and managers are loving it.",@clickup OR clickup OR #clickup
2026-04-23T16:56:45.000Z,"Wow, that means she just knew the names and not the function. For me, I use Trello because of the clear interface.  But when working with a large team, I prefer clickup because of the deeper functionality",@clickup OR clickup OR #clickup
2026-04-22T21:42:36.000Z,"PS  @clickup   @ClickUpCrew   @beehiiv   @HeyGen , if either of you wants to sponsor my talk, please let me know DMs are open & I already actively promote & advocate your products REGULARLY",@clickup OR clickup OR #clickup
2026-04-25T09:18:53.000Z,Gm Click. Hoping your day starts with a formidable and tulip orderly system.,@clickup OR clickup OR #clickup
2026-04-24T13:30:03.000Z,Evening CT!  Just reached my office and checking the items assigned to me on ClickUp.  I don't see many items assigned so I expect a chill day.   This gives me more time to focus on exploring and creating good content about  @TheARCTERMINAL    My season rank improved just a little,@clickup OR clickup OR #clickup
2026-04-14T17:46:48.000Z,"ClickUp increased earnings 5 times while reducing client expense by half!  They disregarded outdated norms:  -Blended simple self-service + intelligent selling (11 times larger worth) -Applied actual experiments instead of elaborate monitoring -Used AI for basic jobs, people for",@clickup OR clickup OR #clickup
2026-04-22T20:26:45.000Z,FREE opportunity to collab and create!  .,@clickup OR clickup OR #clickup
2026-04-23T23:04:24.000Z,Need to pick one of these up. Let’s connect G,@clickup OR clickup OR #clickup
2026-04-19T15:32:52.000Z,Which one would you click ?  A or B?   Open for commissions send a DM,@clickup OR clickup OR #clickup
2026-04-07T02:50:19.000Z,It's unbelievable that  @clickup  doesn't let you sync Google Calendar statuses with user statuses like Slack.  Am I missing something  @DJ_CURFEW ?,@clickup OR clickup OR #clickup
2026-04-03T15:32:57.000Z,Me: Be brutally honest.  AI: You sure?,@clickup OR clickup OR #clickup
2026-04-25T01:11:02.000Z,30% cost reduction did not come from working harder. It came from stopping the tool-switching that was quietly eating the budget. Most businesses do not even notice it until someone sits down and counts.,@clickup
2026-04-24T21:02:56.000Z,@DJ_CURFEW   Check inbox,@clickup
2026-04-24T16:45:05.000Z,Really,@clickup
2026-04-24T14:30:48.000Z,For now they email you for consent and when you reply they auto deduct as one time transaction,@clickup
2026-04-24T12:16:20.000Z,The gap shows when execution is treated as instruction instead of ownership,@clickup
2026-04-24T09:26:03.000Z,"Yeah, Slack + PM tools can get messy fast. That’s why we tried keeping the actual tasks and dependencies in one place using Teamhood and leaving Slack just for communication.",@clickup
2026-04-24T08:23:41.000Z,"great stuff! Unfortuantly this client automation, was airtable, make and 1 other i had not heard of!",@clickup
2026-04-24T08:15:15.000Z,Using GPT-5.1 and Gemini 3 inside @ClickUp has made my specs clearer and my documentation way more actionable. The jump in quality is obvious.,@clickup
2026-04-24T03:33:32.000Z,Hi  I would love to test this.,@clickup
2026-04-24T02:41:11.000Z,How to automate  @clickup  with  @claudeai,@clickup
2026-04-24T01:03:32.000Z,"Copy that, thanks, Chris DM sent",@clickup
2026-04-24T00:40:17.000Z,Sold - dm me lets get it,@clickup
2026-04-24T00:05:27.000Z,"@ChrisClickUp  Let's pick this conversation up again, my DMs are open",@clickup
2026-04-23T23:31:01.000Z,Let's go!  @claudeai  +  @clickup  for the win! Just updated my tasks inside Claude   @ClickUpCrew  let me know when you are ready to discuss a brand collab (these hits don't lie),@clickup
2026-04-23T18:33:44.000Z,"This isn’t just billing, it’s an ops bottleneck with ClickUp and Reserve Bank of India rules.  Can I work with you as a certified ClickUp project manager to fix this?",@clickup
2026-04-23T17:18:08.000Z,"Had a great time speaking with Dan Zhang, CFO of  @clickup  on our  @Larridin  AI Impact podcast.  In addition to finance, she  also runs legal, HR, and operations. So when she talks about AI adoption, she's not thinking about it from one angle. She's living it across the entire",@clickup
2026-04-23T14:27:09.000Z,A fresh batch of Softr Workflows integrations just shipped so you can do even more with your automations!  Now live:    @meetgranola     @apify    SQL   @stripe     @HubSpot  (more actions + triggers)   @clickup   …and more coming soon  From retrieving your Granola meeting,@clickup
2026-04-23T08:28:08.000Z,"@clickup    payments in India are a mess.  Every time I add a user, payment fails because of  @RBI   e-mandate rules. Then I have to chase support to do a manual charge.  Miss it once → they suspend the whole account. Not just the new user. Entire team.  We’ve already paid yearly",@clickup
2026-04-22T23:27:46.000Z,Hey Jay! Do you need creators to scale your brand organically? Run a creator academy and would love to set you up with some of our best for free. Sent you a DM,@clickup
2026-04-22T16:22:44.000Z,this is exactly where  @clickup  is heading. ambient ai that just works in the background while you focus on what matters,@clickup
2026-04-22T16:17:07.000Z,"@clickup 's ""Super Agents"" represent the official end of the passive project management era.  We are moving from a System of Record (looking at what was done) to a System of Action (the platform doing the work).  The real moat here isn't just the ""Perfect Memory"", it’s the",@clickup
2026-04-22T16:14:33.000Z,Check out the full deck  @clickup  brain built here:  https:// vermillion-quokka-b1afad.netlify.app,@clickup
2026-04-22T02:58:40.000Z,Well look at that. I’m a Verified ClickUp PowerUser (and AI Expert)! Cheers to productivity  @ClickUp,@clickup
2026-04-21T18:01:08.000Z,I'll be the Clickup Managememt Expert for PixelChefs. Wish me luck.  @clickup   I'll be creating 4 teams and managing their work.,@clickup
2026-04-21T11:35:41.000Z,"Used to spend 20–30 mins turning meeting notes into tasks.  Now I just tag @Brain in ClickUp → it organizes everything, adds context, and suggests next steps in seconds.  Less busywork, more actual work.  What would you automate?  #BrainAgentHack  @clickup",@clickup
2026-04-21T06:18:37.000Z,The most annoying is when my backspace key randomly stops working and when duplicate tasks appear and have to close and reopen it. No other task management software in the world is as pure shit as this.,@clickup
2026-04-21T05:33:18.000Z,thanks for the feedback - what are the most annoying UI/UX things for you?,@clickup
2026-04-19T15:18:39.000Z,". @clickup  is by far the worst task management software I have ever used in my almost 30 year software engineering career.  Fortunately you can use an MCP server and manage your tasks using AI, and don't have to use their absolute trash UI/UX anymore.",@clickup
2026-04-17T18:36:14.000Z,Try ClickUp and we got the exact thing called Brain at  @clickup . it already exists,@clickup
2026-04-17T00:04:11.000Z,"Hey there! Supposedly, once you go through the OAuth flow, the access token is valid till the end of time. Could you give us more info on the flow you're seeing and the steps you're taking? Feel free to DM us and send screenshots/clips!",@clickup
2026-04-16T19:34:14.000Z,"Hello,  @sanyampunia ! You can reduce memory usage on Mac by opening the Activity Monitor app and following the steps here:  https:// help.clickup.com/hc/en-us/artic les/6311884486423-Use-the-ClickUp-desktop-app#h_01H9K2MZ9PH799PB7V4AVHNJWS …  We'll send you a DM to get more info about your desktop experience.",@clickup
2026-04-16T18:51:44.000Z,"@clickup  your api key rotation is way too aggressive, please give the user the ability to control timeline there. Every single time I try to hit it (every other day?) I have to go through the brain drain of your UI’s oauth. For the love of god fix it",@clickup
2026-04-16T13:35:49.000Z,Agents have all the secret sauce for navigating the chaos.   Reminds me of when I needed help with a game's tricky levels... they always knew the best tips.,@clickup
2026-04-16T13:31:12.000Z,Definitely need to do more work with agents. They seem to be the only thing that can actually read links haha,@clickup
2026-04-16T12:09:44.000Z,"Found many posts from you mentioning the importance of ""financial backup"".  I hope  @ClickUp  will have a proper ""DATA backup"" and restore functionality available soon. Otherwise, all those wonderful features & AI agents r at risk.  Will you make it happen?",@clickup
